AU, KVTX,
CT,HI,
CT, AR,
CT, KS,
CT, MS,
CT, MO,
CT, NE,
CT, SC,
CT, WV,
CT, AL,
CT, AK,
CT, AZ,
CT, CA,
CT, ID,
CT, LA,
CT, NV,
CT, ND,
CT, OR,
CT, SD,
CT, UT,
CT, WA,
CT, WY,
CT, OK,
CT, NM,
CT,GRSTX,
CT, HRT,
CW,,
FA,1031CT,
FA, KVCT,
FA,HI,
FA, AR,
FA, KS,
FA, MS,
FA, MO,
FA, NE,
FA, SC,
FA, WV,
FA, AL,
FA, AK,
FA, CA,
FA, ID,
FA, LA,
FA, NV,
FA, ND,
FA, OR,
FA, SD,
FA, UT,
FA, WA,
FA, WY,
FA, OK,
FA, NM,
FA, MT,
FA, KVMIAMI,
FA, FNAS,
FA,KVTX,
FN,KVTX,
FN,FNAS,
FN, FNASAR,
FN,FNASKS,
FN, FNASMS,
FN, FNASMO,
FN, FNASNE,
FN, FNASNV,
FN, FNASSC,
FN, FNASWV,
FN, FNASHI,
FN, FNASAR,
FN, FNASKS,
FN, FNASMS,
FN, FNASMO,
FN, FNASNE,
FN, FNASSC,
FN, FNASWV,
FN, FNASAL,
FN, FNASAK,
FN, FNASAZ,
FN, FNASCA,
FN, FNASID,
FN, FNASLA,
FN, FNASND,
FN, FNASOR,
FN, FNASSD,
FN, FNASUT,
FN, FNASWA,
FN, FNASWY,
FN, FNASOK,
FN,FNASNM,
FN, HI,
FN, AR,
FN, KS,
FN, MS,
FN, MO,
FN, NE,
FN, SC,
FN, WV,
FN, AL,
FN, AK,
FN, AZ,
FN, CA,
FN, ID,
FN, LA,
FN, NV,
FN, ND,
FN, OR,
FN, SD,
FN, UT,
FN, WA,
FN, WY,
FN, OK,
FN, NM,
FN, MT,
OR,HI,
OR, AR,
OR, KS,
OR, MS,
OR, MO,
OR, NE,
OR, SC,
OR, WV,
OR, AL,
OR, AK,
OR, AZ,
OR, CA,
OR, ID,
OR, LA,
OR, NV,
OR, ND,
OR, OR,
OR, SD,
OR, UT,
OR, WA,
OR, WY,
OR, OK,
OR, NM,
OR, MT,
OR, KVTX,
ST, KVEW,
ST, AIM,
ST, KVM,
ST,HI,
ST, AR,
ST, KS,
ST, MS,
ST, MO,
ST, NE,
ST, SC,
ST, WV,
ST, AL,
ST, AK,
ST, AZ,
ST, CA,
ST, ID,
ST, LA,
ST, NV,
ST, ND,
ST, OR,
ST, SD,
ST, UT,
ST, WA,
ST, WY,
ST, OK,
ST, NM,
ST, KVCT,
ST, MT,
ST,PR,
ST,KVTX,
ST, KEYNJ. PTG,
WC,KVRN,
WC,KVKS,
WC,KVLA,
WC,KVMO,
WC,KVMS,
WC,KVNE,
WC,KVSC,
WC,KVTX,
WC,KVWV,
WF, ,
AU, KVTX,
CT,HI,
CT, AR,
CT, KS,
CT, MS,
CT, MO,
CT, NE,
CT, SC,
CT, WV,
CT, AL,
CT, AK,
CT, AZ,
CT, CA,
CT, ID,
CT, LA,
CT, NV,
CT, ND,
CT, OR,
CT, SD,
CT, UT,
CT, WA,
CT, WY,
CT, OK,
CT, NM,
CT,GRSTX,
CT, HRT,
CW,,
FA,1031CT,
FA, KVCT,
FA,HI,
FA, AR,
FA, KS,
FA, MS,
FA, MO,
FA, NE,
FA, SC,
FA, WV,
FA, AL,
FA, AK,
FA, CA,
FA, ID,
FA, LA,
FA, NV,
FA, ND,
FA, OR,
FA, SD,
FA, UT,
FA, WA,
FA, WY,
FA, OK,
FA, NM,
FA, MT,
FA, KVMIAMI,
FA, FNAS,
FA,KVTX,
FN,KVTX,
FN,FNAS,
FN, FNASAR,
FN,FNASKS,
FN, FNASMS,
FN, FNASMO,
FN, FNASNE,
FN, FNASNV,
FN, FNASSC,
FN, FNASWV,
FN, FNASHI,
FN, FNASAR,
FN, FNASKS,
FN, FNASMS,
FN, FNASMO,
FN, FNASNE,
FN, FNASSC,
FN, FNASWV,
FN, FNASAL,
FN, FNASAK,
FN, FNASAZ,
FN, FNASCA,
FN, FNASID,
FN, FNASLA,
FN, FNASND,
FN, FNASOR,
FN, FNASSD,
FN, FNASUT,
FN, FNASWA,
FN, FNASWY,
FN, FNASOK,
FN,FNASNM,
FN, HI,
FN, AR,
FN, KS,
FN, MS,
FN, MO,
FN, NE,
FN, SC,
FN, WV,
FN, AL,
FN, AK,
FN, AZ,
FN, CA,
FN, ID,
FN, LA,
FN, NV,
FN, ND,
FN, OR,
FN, SD,
FN, UT,
FN, WA,
FN, WY,
FN, OK,
FN, NM,
FN, MT,
OR,HI,
OR, AR,
OR, KS,
OR, MS,
OR, MO,
OR, NE,
OR, SC,
OR, WV,
OR, AL,
OR, AK,
OR, AZ,
OR, CA,
OR, ID,
OR, LA,
OR, NV,
OR, ND,
OR, OR,
OR, SD,
OR, UT,
OR, WA,
OR, WY,
OR, OK,
OR, NM,
OR, MT,
OR, KVTX,
ST, KVEW,
ST, AIM,
ST, KVM,
ST,HI,
ST, AR,
ST, KS,
ST, MS,
ST, MO,
ST, NE,
ST, SC,
ST, WV,
ST, AL,
ST, AK,
ST, AZ,
ST, CA,
ST, ID,
ST, LA,
ST, NV,
ST, ND,
ST, OR,
ST, SD,
ST, UT,
ST, WA,
ST, WY,
ST, OK,
ST, NM,
ST, KVCT,
ST, MT,
ST,PR,
ST,KVTX,
ST, KEYNJ. PTG,
WC,KVRN,
WC,KVKS,
WC,KVLA,
WC,KVMO,
WC,KVMS,
WC,KVNE,
WC,KVSC,
WC,KVTX,
WC,KVWV,
WF, ,
